"COD_VAR";"LIB_VAR";"COD_MOD";"LIB_MOD"
"AGE";"Âge";"Y18T75";"De 18 à 75 ans"
"AGE";"Âge";"Y18T64";"De 18 à 64 ans"
"AGE";"Âge";"_Z";"Non applicable"
"AGE";"Âge";"Y15";"15 ans"
"AGE";"Âge";"Y_LT14";"Moins de 14 ans"
"AGE";"Âge";"Y14T17";"De 14  à 17 ans"
"AGE";"Âge";"Y18T24";"De 18 à 24 ans"
"AGE";"Âge";"Y25T44";"De 25 à 44 ans"
"AGE";"Âge";"Y45T64";"De 45 à 64 ans"
"AGE";"Âge";"Y16T74";"De 16 à 74 ans"
"AGE";"Âge";"Y65T74";"De 65 à 74 ans"
"AGE";"Âge";"Y_GE75";"75 ans ou plus"
"AGE";"Âge";"Y_GE16";"16 ans ou plus"
"AGE";"Âge";"Y25T34";"De 25 à 34 ans "
"AGE";"Âge";"Y35T44";"De 35 à 44 ans "
"AGE";"Âge";"Y45T54";"De 45 à 54 ans "
"AGE";"Âge";"Y55T64";"De 55 à 64 ans"
"AGE";"Âge";"Y65T75";"De 65 à 75 ans"
"AGE";"Âge";"Y_GE15";"15 ans ou plus"
"AGE";"Âge";"Y_LT26";"Moins de 26 ans"
"AGE";"Âge";"Y_LT18";"Moins de 18 ans"
"AGE";"Âge";"Y18T29";"De 18 à 29 ans "
"AGE";"Âge";"Y30T39";"De 30 à 39 ans"
"AGE";"Âge";"Y15T24";"De 15 à 24 ans "
"AGE";"Âge";"Y25T49";"De 25 à 49 ans"
"AGE";"Âge";"Y_GE50";"50 ans ou plus "
"AGE";"Âge";"Y50T64";"De 50 à 64 ans "
"AGE";"Âge";"Y40T49";"De 40 à 49 ans"
"AGE";"Âge";"Y15T29";"De 15 à 29 ans"
"AGE";"Âge";"Y30T44";"De 30 à 44 ans"
"AGE";"Âge";"Y45T59";"De 45 à 59 ans "
"AGE";"Âge";"Y60T74";"De 60 à 74 ans"
"AGE";"Âge";"Y15T64";"De 15 à 64 ans"
"AGE";"Âge";"Y_GE65";"65 ans ou plus"
"AGE";"Âge";"Y25T54";"De 25 à 54 ans"
"AGE";"Âge";"Y65T69";"De 65 à 69 ans"
"AGE";"Âge";"Y_LT16";"Moins de 16 ans"
"AGE";"Âge";"Y16T24";"De 16 à 24 ans"
"AGE";"Âge";"Y35T49";"De 35 à 49 ans "
"AGE";"Âge";"_T";"Total"
"DEVDUR_COMPOSITE";"Composite développement durable";"_Z";"Non applicable"
"DEVDUR_COMPOSITE";"Composite développement durable";"CONTAMIN_MOD1";"Rapports sexuels entre hommes"
"DEVDUR_COMPOSITE";"Composite développement durable";"CONTAMIN_MOD2";"Hétérosexuels"
"DEVDUR_COMPOSITE";"Composite développement durable";"CONTAMIN_MOD3";"Injection intraveineuse"
"DEVDUR_COMPOSITE";"Composite développement durable";"CONTAMIN_MOD4";"Autres "
"DEVDUR_COMPOSITE";"Composite développement durable";"ALCOOL_CONS1";"Au moins une fois dans l’année"
"DEVDUR_COMPOSITE";"Composite développement durable";"SESC1";"Statut socio-économique très défavorisé"
"DEVDUR_COMPOSITE";"Composite développement durable";"ALCOOL_CONS2";"Tous les jours de l’année"
"DEVDUR_COMPOSITE";"Composite développement durable";"SESC2";"Statut socio-économique défavorisé"
"DEVDUR_COMPOSITE";"Composite développement durable";"ALCOOL_CONS3";"Au moins une alcoolisation ponctuelle importante (API) au cours des 12 derniers mois"
"DEVDUR_COMPOSITE";"Composite développement durable";"SESC3";"Statut socio-économique favorisé"
"DEVDUR_COMPOSITE";"Composite développement durable";"ALCOOL_CONS4";"Au moins une ivresse au cours des 12 derniers mois"
"DEVDUR_COMPOSITE";"Composite développement durable";"SESC4";"Statut socio-économique très favorisé"
"DEVDUR_COMPOSITE";"Composite développement durable";"NUM_COMP1";"Faibles compétences numériques générales"
"DEVDUR_COMPOSITE";"Composite développement durable";"NUM_COMP2";"Compétences numériques générales de base"
"DEVDUR_COMPOSITE";"Composite développement durable";"NUM_COMP3";"Compétences numériques générales plus avancées"
"DEVDUR_COMPOSITE";"Composite développement durable";"NUM_COMP4";"Personnes n’ayant pas utilisé Internet au cours des 3 derniers mois ou sans aucune compétence"
"DEVDUR_COMPOSITE";"Composite développement durable";"OBJ_SOCECO5";"Exploration et exploitation de l’espace"
"DEVDUR_COMPOSITE";"Composite développement durable";"ROUTE_TYP1";"Autoroutes"
"DEVDUR_COMPOSITE";"Composite développement durable";"ROUTE_TYP2";"Routes hors agglomération"
"DEVDUR_COMPOSITE";"Composite développement durable";"OBJ_SOCECO6";"Environnement"
"DEVDUR_COMPOSITE";"Composite développement durable";"ROUTE_TYP3";"Routes en agglomération"
"DEVDUR_COMPOSITE";"Composite développement durable";"OBJ_SOCECO3";"Énergie"
"DEVDUR_COMPOSITE";"Composite développement durable";"NIVIEMED_S20";"Seuil à 20 % du niveau de vie médian"
"DEVDUR_COMPOSITE";"Composite développement durable";"OBJ_SOCECO8";"Agriculture"
"DEVDUR_COMPOSITE";"Composite développement durable";"OBJ_SOCECO7";"Exploration et exploitation du milieu terrestre"
"DEVDUR_COMPOSITE";"Composite développement durable";"OBJ_SOCECO4";"Transports, télécommunications et autres infrastructures"
"DEVDUR_COMPOSITE";"Composite développement durable";"OBJ_SOCECO2";"Production et technologies industrielles"
"DEVDUR_COMPOSITE";"Composite développement durable";"OBJ_SOCECO1";"Santé"
"DEVDUR_COMPOSITE";"Composite développement durable";"ECO_SECT2";"Transport"
"DEVDUR_COMPOSITE";"Composite développement durable";"ECO_SECT4-5";"Résidentiel-Tertiaire"
"DEVDUR_COMPOSITE";"Composite développement durable";"ECO_SECT13";"Industrie manufacturière et construction "
"DEVDUR_COMPOSITE";"Composite développement durable";"ECO_SECT12";"Industrie de l'énergie"
"DEVDUR_COMPOSITE";"Composite développement durable";"ECO_SECT3";"Agriculture"
"DEVDUR_COMPOSITE";"Composite développement durable";"ECO_SECT6";"Traitement centralisé des déchets"
"DEVDUR_COMPOSITE";"Composite développement durable";"VIOLENCE_TYP1";"Violences physiques"
"DEVDUR_COMPOSITE";"Composite développement durable";"VIOLENCE_TYP2";"Violences sexuelles"
"DEVDUR_COMPOSITE";"Composite développement durable";"DIPL_NIV1";"Aucun diplôme ou inférieur au Baccalauréat"
"DEVDUR_COMPOSITE";"Composite développement durable";"VIOLENCE_TYP3";"Violences commises par le conjoint ou ex-conjoint"
"DEVDUR_COMPOSITE";"Composite développement durable";"VIOLENCE_TYP4";"Violences commises dans le cercle familial hors conjoint ou ex-conjoint"
"DEVDUR_COMPOSITE";"Composite développement durable";"3_X_353";"Baccalauréat"
"DEVDUR_COMPOSITE";"Composite développement durable";"VIOLENCE_TYP5";"Violences commises hors de la sphère intrafamiliale"
"DEVDUR_COMPOSITE";"Composite développement durable";"4T8";"Diplôme supérieur au baccalauréat"
"DEVDUR_COMPOSITE";"Composite développement durable";"INSTIT1";"Armée"
"DEVDUR_COMPOSITE";"Composite développement durable";"INSTIT2";"Police"
"DEVDUR_COMPOSITE";"Composite développement durable";"INSTIT3";"Justice"
"DEVDUR_COMPOSITE";"Composite développement durable";"INSTIT4";"École"
"DEVDUR_COMPOSITE";"Composite développement durable";"INSTIT5";"Hôpital"
"DEVDUR_COMPOSITE";"Composite développement durable";"51.21";"Transports aériens de fret"
"DEVDUR_COMPOSITE";"Composite développement durable";"85.51";"Enseignement de disciplines sportives et d'activités de loisirs"
"DEVDUR_COMPOSITE";"Composite développement durable";"93.12";"Activités de clubs de sports"
"DEVDUR_COMPOSITE";"Composite développement durable";"93.19";"Autres activités liées au sport"
"DEVDUR_COMPOSITE";"Composite développement durable";"43.91A";"Travaux de charpente"
"DEVDUR_COMPOSITE";"Composite développement durable";"43.91B";"Travaux de couverture par éléments"
"DEVDUR_COMPOSITE";"Composite développement durable";"49.42";"Services de déménagement"
"DEVDUR_COMPOSITE";"Composite développement durable";"02.40";"Services de soutien à l'exploitation forestière"
"DEVDUR_COMPOSITE";"Composite développement durable";"88.10C";"Aide par le travail"
"DEVDUR_COMPOSITE";"Composite développement durable";"81.30";"Services d'aménagement paysager"
"DEVDUR_COMPOSITE";"Composite développement durable";"NIVIEMED_S60";"Seuil à 60 % du niveau de vie médian"
"DEVDUR_COMPOSITE";"Composite développement durable";"EMP_AIDE1";"Apprentissage"
"DEVDUR_COMPOSITE";"Composite développement durable";"EMP_AIDE2";"Formations en alternance (hors apprentissage)"
"DEVDUR_COMPOSITE";"Composite développement durable";"EMP_AIDE3";"Contrats aidés du secteur marchand"
"DEVDUR_COMPOSITE";"Composite développement durable";"EMP_AIDE4";"Contrats aidés du secteur non marchand"
"DEVDUR_COMPOSITE";"Composite développement durable";"APD_ZONEGEO1";"Afrique"
"DEVDUR_COMPOSITE";"Composite développement durable";"APD_ZONEGEO2";"Afrique subsaharienne"
"DEVDUR_COMPOSITE";"Composite développement durable";"NIVIEMED_S50";"Seuil à 50 % du niveau de vie médian"
"DEVDUR_COMPOSITE";"Composite développement durable";"APD_ZONEGEO3";"Asie"
"DEVDUR_COMPOSITE";"Composite développement durable";"APD_CAD100";"Infrastructure et Services sociaux "
"DEVDUR_COMPOSITE";"Composite développement durable";"APD_CAD110";"Éducation  "
"DEVDUR_COMPOSITE";"Composite développement durable";"APD_CAD122";"Santé de base"
"DEVDUR_COMPOSITE";"Composite développement durable";"APD_CAD140";"Distribution d'eau et Assainissement"
"DEVDUR_COMPOSITE";"Composite développement durable";"APD_CAD230";"Énergie"
"DEVDUR_COMPOSITE";"Composite développement durable";"APD_CAD311";"Agriculture"
"DEVDUR_COMPOSITE";"Composite développement durable";"APD_CAD410";"Protection de l'environnement"
"DEVDUR_COMPOSITE";"Composite développement durable";"APD_MARQUEUR1";"Marqueur genre (égalité homme-femme et des droits des femmes)"
"DEVDUR_COMPOSITE";"Composite développement durable";"APD_MARQUEUR2";"Marqueur biodiversité"
"DEVDUR_COMPOSITE";"Composite développement durable";"APD_MARQUEUR3";"Marqueur mitigation changement climatique"
"DEVDUR_COMPOSITE";"Composite développement durable";"APD_MARQUEUR4";"Marqueur adaptation changement climatique"
"DEVDUR_COMPOSITE";"Composite développement durable";"REV_Q1";"1er quartile de revenu par unité de consommation"
"DEVDUR_COMPOSITE";"Composite développement durable";"REV_Q2";"2e quartile de revenu par unité de consommation"
"DEVDUR_COMPOSITE";"Composite développement durable";"REV_Q3";"3e quartile de revenu par unité de consommation"
"DEVDUR_COMPOSITE";"Composite développement durable";"REV_Q4";"4e quartile de revenu par unité de consommation"
"DEVDUR_COMPOSITE";"Composite développement durable";"ALCOOL_CONS5";"Au moins dix ivresses au cours des 12 derniers mois"
"DEVDUR_COMPOSITE";"Composite développement durable";"APD_CAD120-130";"Santé"
"DEVDUR_COMPOSITE";"Composite développement durable";"APD_CAD152_700";"Crises et fragilités "
"DEVDUR_COMPOSITE";"Composite développement durable";"APD_CAD310-520";"Agriculture et sécurité alimentaire"
"DEVDUR_COMPOSITE";"Composite développement durable";"APD_CAD151";"Gouvernance"
"DEVDUR_COMPOSITE";"Composite développement durable";"NIVIEMED_S40";"Seuil à 40 % du niveau de vie médian"
"DEVDUR_COMPOSITE";"Composite développement durable";"SC_DISC1";"DUT Production (y compris informatique)"
"DEVDUR_COMPOSITE";"Composite développement durable";"EMP_AIDE5";"Insertion par l‘activité économique"
"DEVDUR_COMPOSITE";"Composite développement durable";"EMP_AIDE6";"Autres emplois aidés"
"DEVDUR_COMPOSITE";"Composite développement durable";"SC_DISC2";"Formations scientifiques (ingénieurs compris)"
"DEVDUR_COMPOSITE";"Composite développement durable";"SC_DISC3";"Santé"
"DEVDUR_COMPOSITE";"Composite développement durable";"FPE";"Fonction publique d’État"
"DEVDUR_COMPOSITE";"Composite développement durable";"FPH";"Fonction publique hospitalière"
"DEVDUR_COMPOSITE";"Composite développement durable";"FPT";"Fonction publique territoriale"
"DEVDUR_COMPOSITE";"Composite développement durable";"EMIGES_TYP1";"Émissions directes des ménages"
"DEVDUR_COMPOSITE";"Composite développement durable";"EMIGES_TYP2";"Émissions de la production intérieure "
"DEVDUR_COMPOSITE";"Composite développement durable";"EAU_UTIL3";"Alimentation des canaux"
"DEVDUR_COMPOSITE";"Composite développement durable";"EMIGES_TYP3";"Émissions associées aux importations"
"DEVDUR_COMPOSITE";"Composite développement durable";"EMIGES_TYP4";"Émissions associées aux importations pour usage final"
"DEVDUR_COMPOSITE";"Composite développement durable";"EMIGES_TYP5";"Émissions associées aux importations pour consommations intermédiaires"
"DEVDUR_COMPOSITE";"Composite développement durable";"GES_TYP1";"CO2"
"DEVDUR_COMPOSITE";"Composite développement durable";"GES_TYP2";"CH4"
"DEVDUR_COMPOSITE";"Composite développement durable";"GES_TYP3";"N2O"
"DEVDUR_COMPOSITE";"Composite développement durable";"MAT_TYP2";"Plastique"
"DEVDUR_COMPOSITE";"Composite développement durable";"MAT_TYP1";"Caoutchouc"
"DEVDUR_COMPOSITE";"Composite développement durable";"TRANSP_MOY1";"En bus, cars et tramways"
"DEVDUR_COMPOSITE";"Composite développement durable";"TRANSP_MOY2";"En transport ferré (y compris métro)"
"DEVDUR_COMPOSITE";"Composite développement durable";"TRANSP_MOY4";"Transport ferroviaire"
"DEVDUR_COMPOSITE";"Composite développement durable";"TRANSP_MOY3";"Transport routier"
"DEVDUR_COMPOSITE";"Composite développement durable";"TRANSP_MOY5";"Navigation fluviale"
"DEVDUR_COMPOSITE";"Composite développement durable";"P_ART";"Proportion de sols artificialisés"
"DEVDUR_COMPOSITE";"Composite développement durable";"SATISF_NIV1";"Niveau de satisfaction faible (0-5)"
"DEVDUR_COMPOSITE";"Composite développement durable";"URBA1";"Dans les agglomérations de plus de 250 000 habitants"
"DEVDUR_COMPOSITE";"Composite développement durable";"SATISF_NIV2";"Niveau de satisfaction moyen (6-8)"
"DEVDUR_COMPOSITE";"Composite développement durable";"SATISF_NIV3";"Niveau de satisfaction élevé (9-10)"
"DEVDUR_COMPOSITE";"Composite développement durable";"URBA2";"Dans les agglomérations de 50 000 à 250 000 habitants"
"DEVDUR_COMPOSITE";"Composite développement durable";"URBA3";"À proximité du trafic routier en milieu urbain"
"DEVDUR_COMPOSITE";"Composite développement durable";"URBA4";"En fond urbain"
"DEVDUR_COMPOSITE";"Composite développement durable";"S_ART";"Surface des sols artificialisés"
"DEVDUR_COMPOSITE";"Composite développement durable";"ETAT1";"Très bon "
"DEVDUR_COMPOSITE";"Composite développement durable";"ETAT2";"Bon"
"DEVDUR_COMPOSITE";"Composite développement durable";"ETAT3";"Moyen"
"DEVDUR_COMPOSITE";"Composite développement durable";"ETAT4";"Médiocre"
"DEVDUR_COMPOSITE";"Composite développement durable";"ETAT5";"Mauvais"
"DEVDUR_COMPOSITE";"Composite développement durable";"ETAT6";"Inconnu"
"DEVDUR_COMPOSITE";"Composite développement durable";"TRAIT2";"Compostage-méthanisation"
"DEVDUR_COMPOSITE";"Composite développement durable";"ETAT12";"En amélioration"
"DEVDUR_COMPOSITE";"Composite développement durable";"ETAT13";"Stable"
"DEVDUR_COMPOSITE";"Composite développement durable";"TRAIT3";"Recyclage matière"
"DEVDUR_COMPOSITE";"Composite développement durable";"ETAT14";"En dégradation"
"DEVDUR_COMPOSITE";"Composite développement durable";"TRAIT5";"Incinération avec récupération d’énergie"
"DEVDUR_COMPOSITE";"Composite développement durable";"ETAT9";"Optimal"
"DEVDUR_COMPOSITE";"Composite développement durable";"ETAT10";"Dégradé"
"DEVDUR_COMPOSITE";"Composite développement durable";"ETAT11";"Très dégradé"
"DEVDUR_COMPOSITE";"Composite développement durable";"TRAIT1";"Incinération sans récupération d’énergie"
"DEVDUR_COMPOSITE";"Composite développement durable";"ECOCIRC_PILIER2";"Approvisionnement durable"
"DEVDUR_COMPOSITE";"Composite développement durable";"TRAIT4";"Stockage"
"DEVDUR_COMPOSITE";"Composite développement durable";"MER_FACADE1";"Manche-Mer du Nord"
"DEVDUR_COMPOSITE";"Composite développement durable";"MER_FACADE4";"Mer Celtique"
"DEVDUR_COMPOSITE";"Composite développement durable";"MER_FACADE5";"Golfe de Gascogne"
"DEVDUR_COMPOSITE";"Composite développement durable";"MER_FACADE3";"Mer Méditerranée"
"DEVDUR_COMPOSITE";"Composite développement durable";"ECO_SECT1";"Industrie (y compris construction, mais hors hauts-fourneaux)"
"DEVDUR_COMPOSITE";"Composite développement durable";"EAU_UTIL4";"Eau potable"
"DEVDUR_COMPOSITE";"Composite développement durable";"EAU_UTIL1";"Usage industriel"
"DEVDUR_COMPOSITE";"Composite développement durable";"ALIM_ETAP1";"Production"
"DEVDUR_COMPOSITE";"Composite développement durable";"ALIM_ETAP2";"Transformation"
"DEVDUR_COMPOSITE";"Composite développement durable";"ECO_SECT22";"Transport–Véhicules lourds"
"DEVDUR_COMPOSITE";"Composite développement durable";"EAU_UTIL2";"Usage agricole dont irrigation"
"DEVDUR_COMPOSITE";"Composite développement durable";"ECO_SECT4";"Résidentiel"
"DEVDUR_COMPOSITE";"Composite développement durable";"ALIM_ETAP3";"Distribution"
"DEVDUR_COMPOSITE";"Composite développement durable";"EAU_UTIL5";"Refroidissement des centrales électriques"
"DEVDUR_COMPOSITE";"Composite développement durable";"ALIM_ETAP4";"Consommation à domicile"
"DEVDUR_COMPOSITE";"Composite développement durable";"ECO_SECT21";"Transport–Véhicules légers"
"DEVDUR_COMPOSITE";"Composite développement durable";"ALIM_ETAP5";"Consommation en restauration collective et commerciale"
"DEVDUR_COMPOSITE";"Composite développement durable";"PHYTO1";"Fongicides, bactéricides et virucides"
"DEVDUR_COMPOSITE";"Composite développement durable";"ANIM1";"Bovins"
"DEVDUR_COMPOSITE";"Composite développement durable";"PHYTO2";"Herbicides et anti-mousses"
"DEVDUR_COMPOSITE";"Composite développement durable";"ECO_SECT5";"Tertiaire"
"DEVDUR_COMPOSITE";"Composite développement durable";"ANIM2";"Poissons"
"DEVDUR_COMPOSITE";"Composite développement durable";"PHYTO3";"Insecticides, acaricides, nématicides et médiateurs chimiques"
"DEVDUR_COMPOSITE";"Composite développement durable";"ANIM3";"Lapins"
"DEVDUR_COMPOSITE";"Composite développement durable";"MAT_TYP3";"Verre"
"DEVDUR_COMPOSITE";"Composite développement durable";"PHYTO4";"Autres substances"
"DEVDUR_COMPOSITE";"Composite développement durable";"ANIM4";"Ovins & Caprins"
"DEVDUR_COMPOSITE";"Composite développement durable";"ANIM5";"Porcs"
"DEVDUR_COMPOSITE";"Composite développement durable";"MAT_TYP5";"Papiers et cartons"
"DEVDUR_COMPOSITE";"Composite développement durable";"ANIM6";"Volailles"
"DEVDUR_COMPOSITE";"Composite développement durable";"MAT_TYP6";"Bois"
"DEVDUR_COMPOSITE";"Composite développement durable";"MAT_TYP4";"Végétaux"
"DEVDUR_COMPOSITE";"Composite développement durable";"MAT_TYP7";"Métalliques"
"DEVDUR_COMPOSITE";"Composite développement durable";"EXCT_R1";"A risque d’extinction"
"DEVDUR_COMPOSITE";"Composite développement durable";"EXCT_R2";"Non à risque d'extinction"
"DEVDUR_COMPOSITE";"Composite développement durable";"EXCT_R3";"Risque d'extinction inconnu"
"DEVDUR_COMPOSITE";"Composite développement durable";"ECOCIRC_PILIER3";"Consommation responsable"
"DEVDUR_COMPOSITE";"Composite développement durable";"ECOCIRC_PILIER1";"Allongement de la durée d'usage"
"DEVDUR_COMPOSITE";"Composite développement durable";"ECOCIRC_PILIER4";"Recyclage et valorisation des déchets"
"DEVDUR_COMPOSITE";"Composite développement durable";"ETAT15";"Favorable"
"DEVDUR_COMPOSITE";"Composite développement durable";"ETAT16";"Défavorable inadéquat"
"DEVDUR_COMPOSITE";"Composite développement durable";"ETAT17";"Défavorable mauvais"
"DEVDUR_COMPOSITE";"Composite développement durable";"ETAT18";"Défavorable inconnu"
"DEVDUR_COMPOSITE";"Composite développement durable";"HABIT_TYP1";"Milieux agricoles"
"DEVDUR_COMPOSITE";"Composite développement durable";"HABIT_TYP2";"Milieux forestiers"
"DEVDUR_COMPOSITE";"Composite développement durable";"HABIT_TYP3";"Milieux bâtis"
"DEVDUR_COMPOSITE";"Composite développement durable";"ETAT7";"Très bon et bon"
"DEVDUR_COMPOSITE";"Composite développement durable";"ETAT8";"Médiocre et mauvais"
"DEVDUR_COMPOSITE";"Composite développement durable";"MER_FACADE2";"Atlantique"
"DEVDUR_COMPOSITE";"Composite développement durable";"DOCSTRA_NIV2";"Document stratégique adopté "
"DEVDUR_COMPOSITE";"Composite développement durable";"DOCSTRA_NIV1";"Document stratégique en cours"
"DEVDUR_COMPOSITE";"Composite développement durable";"DOCSTRA_NIV0";"Aucun document stratégique"
"DEVDUR_COMPOSITE";"Composite développement durable";"_T";"Total"
"EMPSTA";"Statut d'activité au sens du BIT";"_Z";"Non applicable"
"EMPSTA";"Statut d'activité au sens du BIT";"1";"Actif occupé"
"EMPSTA";"Statut d'activité au sens du BIT";"2";"Chômeur"
"EMPSTA";"Statut d'activité au sens du BIT";"32";"Étudiant"
"EMPSTA";"Statut d'activité au sens du BIT";"1T2_GE18";"Actifs âgés de 18 ans ou plus"
"EMPSTA";"Statut d'activité au sens du BIT";"3_GE18";"Inactifs âgés de 18 ans ou plus"
"EMPSTA";"Statut d'activité au sens du BIT";"31";"Retraités ou préretraités"
"EMPSTA";"Statut d'activité au sens du BIT";"36";"Autres inactifs"
"EMPSTA";"Statut d'activité au sens du BIT";"11";"Employé"
"EMPSTA";"Statut d'activité au sens du BIT";"12";"Indépendant"
"EMPSTA";"Statut d'activité au sens du BIT";"_T";"Total"
"INDICATEUR_DEVDUR";"Indicateur d’objectif de développement durable ";"3.i2";"Nombre de découvertes de séropositivité VIH"
"INDICATEUR_DEVDUR";"Indicateur d’objectif de développement durable ";"5.i4a";"Nombre de victimes de violences sexuelles hors violences intrafamiliales"
"INDICATEUR_DEVDUR";"Indicateur d’objectif de développement durable ";"5.i3b";"Part des femmes parmi les victimes de violences intrafamiliales physiques et/ou sexuelles"
"INDICATEUR_DEVDUR";"Indicateur d’objectif de développement durable ";"5.i4b";"Part des femmes parmi les victimes de violences sexuelles hors violences intrafamiliales"
"INDICATEUR_DEVDUR";"Indicateur d’objectif de développement durable ";"4.i2";"Taux de participation à une formation formelle et non formelle"
"INDICATEUR_DEVDUR";"Indicateur d’objectif de développement durable ";"4.i1a";"Proportion d’enfants en CM1 qui maîtrisent au moins les normes d’aptitude minimale en lecture"
"INDICATEUR_DEVDUR";"Indicateur d’objectif de développement durable ";"4.i1b";"Proportion d’enfants en CM1 qui maîtrisent au moins les normes d’aptitude minimale en mathématiques"
"INDICATEUR_DEVDUR";"Indicateur d’objectif de développement durable ";"4.i1c";"Proportion de jeunes de 15 ans qui maîtrisent au moins les normes d'aptitudes minimales en lecture"
"INDICATEUR_DEVDUR";"Indicateur d’objectif de développement durable ";"3.i3";"Taux standardisé de décès pour cause de suicide"
"INDICATEUR_DEVDUR";"Indicateur d’objectif de développement durable ";"3.i5";"Proportion de la population répartie selon différents modes de consommation d’alcool"
"INDICATEUR_DEVDUR";"Indicateur d’objectif de développement durable ";"3.i6";"Personnes tuées par accident de la route"
"INDICATEUR_DEVDUR";"Indicateur d’objectif de développement durable ";"4.i1d";"Proportion de jeunes de 15 ans qui maîtrisent au moins les normes d'aptitudes minimales en mathématiques"
"INDICATEUR_DEVDUR";"Indicateur d’objectif de développement durable ";"4.i3";"Proportion de la population répartie selon le niveau de compétences numériques "
"INDICATEUR_DEVDUR";"Indicateur d’objectif de développement durable ";"9.i6c";"Montant des crédits budgétaires publics de R&D par objectif socio-économique "
"INDICATEUR_DEVDUR";"Indicateur d’objectif de développement durable ";"9.i6b";"Montant des crédits budgétaires publics de R&D civils (hors Défense)"
"INDICATEUR_DEVDUR";"Indicateur d’objectif de développement durable ";"9.i4";"Personnel de recherche"
"INDICATEUR_DEVDUR";"Indicateur d’objectif de développement durable ";"3.i7a";"Renoncement aux soins pour raisons financières - besoins non satisfaits d’examen ou de traitement médical"
"INDICATEUR_DEVDUR";"Indicateur d’objectif de développement durable ";"9.i6a";"Montant des crédits budgétaires publics de R&D"
"INDICATEUR_DEVDUR";"Indicateur d’objectif de développement durable ";"3.i7b";"Renoncement aux soins pour raisons financières - besoins non satisfaits de traitement dentaire"
"INDICATEUR_DEVDUR";"Indicateur d’objectif de développement durable ";"3.i8";"Prévalence du tabagisme quotidien"
"INDICATEUR_DEVDUR";"Indicateur d’objectif de développement durable ";"9.i2";"Taux d'acceptation des demandes de crédit des très petites entreprises (TPE)"
"INDICATEUR_DEVDUR";"Indicateur d’objectif de développement durable ";"13.i4c";"Émissions de gaz à effet de serre (hors UTCATF) par habitant - Ensemble des gaz à effet de serre "
"INDICATEUR_DEVDUR";"Indicateur d’objectif de développement durable ";"13.i4b";"Émissions de gaz à effet de serre (hors UTCATF) par secteur de l’économie - Ensemble des gaz à effet de serre "
"INDICATEUR_DEVDUR";"Indicateur d’objectif de développement durable ";"16.i1";"Nombre d’homicides"
"INDICATEUR_DEVDUR";"Indicateur d’objectif de développement durable ";"16.i2";"Proportion de personnes se déclarant victimes de violences physiques et/ou sexuelles"
"INDICATEUR_DEVDUR";"Indicateur d’objectif de développement durable ";"16.i3";"Proportion des personnes prévenues parmi les détenus"
"INDICATEUR_DEVDUR";"Indicateur d’objectif de développement durable ";"16.i4";"Proportion de personnes déclarant avoir confiance dans certaines institutions"
"INDICATEUR_DEVDUR";"Indicateur d’objectif de développement durable ";"2.i1";"Renoncement à consommer des protéines pour raisons financières"
"INDICATEUR_DEVDUR";"Indicateur d’objectif de développement durable ";"8.i5";"Nombre d’accidents du travail par million d’heures travaillées"
"INDICATEUR_DEVDUR";"Indicateur d’objectif de développement durable ";"2.i2a";"Prévalence du surpoids chez les adultes"
"INDICATEUR_DEVDUR";"Indicateur d’objectif de développement durable ";"2.i2b";"Prévalence de l'obésité chez les adultes"
"INDICATEUR_DEVDUR";"Indicateur d’objectif de développement durable ";"2.i2e";"Prévalence du surpoids chez les enfants en grande section de maternelle selon la PCS des parents"
"INDICATEUR_DEVDUR";"Indicateur d’objectif de développement durable ";"2.i2c";"Prévalence du surpoids chez les adolescents en troisième selon la PCS des parents"
"INDICATEUR_DEVDUR";"Indicateur d’objectif de développement durable ";"2.i2f";"Prévalence de l'obésité chez les enfants en grande section de maternelle selon la PCS des parents"
"INDICATEUR_DEVDUR";"Indicateur d’objectif de développement durable ";"2.i2d";"Prévalence de l'obésité chez les adolescents en troisième selon la PCS des parents"
"INDICATEUR_DEVDUR";"Indicateur d’objectif de développement durable ";"8.i6";"Intensité du travail"
"INDICATEUR_DEVDUR";"Indicateur d’objectif de développement durable ";"1.i1a";"Taux de pauvreté monétaire - Seuil à 60% du niveau de vie médian"
"INDICATEUR_DEVDUR";"Indicateur d’objectif de développement durable ";"8.i8";"Part des emplois aidés dans l'emploi des jeunes de moins de 26 ans"
"INDICATEUR_DEVDUR";"Indicateur d’objectif de développement durable ";"8.i1";"Taux de croissance annuelle du PIB réel par habitant"
"INDICATEUR_DEVDUR";"Indicateur d’objectif de développement durable ";"8.i3";"Taux de sous emploi"
"INDICATEUR_DEVDUR";"Indicateur d’objectif de développement durable ";"8.i4";"Proportion de jeunes ne travaillant pas et ne suivant ni études, ni formation"
"INDICATEUR_DEVDUR";"Indicateur d’objectif de développement durable ";"8.i7";"Proportion d'adultes possédant un compte dans une banque ou dans une autre institution financière ou faisant appel à des services monétaires mobiles"
"INDICATEUR_DEVDUR";"Indicateur d’objectif de développement durable ";"7.i1";"Proportion de la population en incapacité de maintenir une température adéquate dans le logement"
"INDICATEUR_DEVDUR";"Indicateur d’objectif de développement durable ";"11.i1";"Taux de surpeuplement des logements"
"INDICATEUR_DEVDUR";"Indicateur d’objectif de développement durable ";"17.i1a";"Montant de l’aide publique au développement (APD) totale nette/Équivalent-don"
"INDICATEUR_DEVDUR";"Indicateur d’objectif de développement durable ";"17.i1b";"Part de l'APD totale nette/Équivalent-don en proportion du revenu national brut"
"INDICATEUR_DEVDUR";"Indicateur d’objectif de développement durable ";"17.i1c";"Distribution de l’APD totale nette/Équivalent-don aux pays les moins avancés"
"INDICATEUR_DEVDUR";"Indicateur d’objectif de développement durable ";"17.i1d";"Montant de l’aide bilatérale dans la distribution de l’APD totale nette/Équivalent-don aux pays les moins avancés"
"INDICATEUR_DEVDUR";"Indicateur d’objectif de développement durable ";"17.i1e";"Distribution de l’APD totale nette/Équivalent-don par zone géographique"
"INDICATEUR_DEVDUR";"Indicateur d’objectif de développement durable ";"1.i1b";"Taux de pauvreté monétaire - Seuil à 50% du niveau de vie médian"
"INDICATEUR_DEVDUR";"Indicateur d’objectif de développement durable ";"17.i2a";"Montant de l’aide publique au développement (APD) bilatérale brute"
"INDICATEUR_DEVDUR";"Indicateur d’objectif de développement durable ";"17.i2b";"Montant de l’aide publique au développement (APD) bilatérale brute par secteur"
"INDICATEUR_DEVDUR";"Indicateur d’objectif de développement durable ";"17.i2c";"Engagements d'APD bilatérale par marqueur"
"INDICATEUR_DEVDUR";"Indicateur d’objectif de développement durable ";"17.i5";"Solidité financière (Regulatory Tier 1 capital to risk-weighted assets)"
"INDICATEUR_DEVDUR";"Indicateur d’objectif de développement durable ";"13.i4a";"Émissions de gaz à effet de serre (UTCATF inclus) - Ensemble des gaz à effet de serre "
"INDICATEUR_DEVDUR";"Indicateur d’objectif de développement durable ";"1.i3";"Intensité de la pauvreté monétaire"
"INDICATEUR_DEVDUR";"Indicateur d’objectif de développement durable ";"1.i4";"Taux d'effort net en logement"
"INDICATEUR_DEVDUR";"Indicateur d’objectif de développement durable ";"1.i5";"Nombre de situations de surendettement soumises aux commissions"
"INDICATEUR_DEVDUR";"Indicateur d’objectif de développement durable ";"10.i2d";"Rapport interdécile D9/D1"
"INDICATEUR_DEVDUR";"Indicateur d’objectif de développement durable ";"10.i3a";"Patrimoine brut hors reste (Indice de Gini)"
"INDICATEUR_DEVDUR";"Indicateur d’objectif de développement durable ";"10.i3b";"Patrimoine brut (indice de Gini)"
"INDICATEUR_DEVDUR";"Indicateur d’objectif de développement durable ";"10.i4";"Part des individus disposant du haut débit à leur domicile"
"INDICATEUR_DEVDUR";"Indicateur d’objectif de développement durable ";"10.i5";"Part des individus s'étant connectés à Internet au cours des trois derniers mois"
"INDICATEUR_DEVDUR";"Indicateur d’objectif de développement durable ";"4.i5";"Nombre d'écoles et d’établissements scolaires engagés dans une démarche globale de développement durable (label E3D)"
"INDICATEUR_DEVDUR";"Indicateur d’objectif de développement durable ";"10.i1";"Part du niveau de vie perçu par les 40 % les plus modestes de la population"
"INDICATEUR_DEVDUR";"Indicateur d’objectif de développement durable ";"5.i2";"Part des femmes dans les disciplines scientifiques à l'université"
"INDICATEUR_DEVDUR";"Indicateur d’objectif de développement durable ";"5.i5b";"Part des femmes parmi les cadres dirigeants dans la fonction publique"
"INDICATEUR_DEVDUR";"Indicateur d’objectif de développement durable ";"5.i1";"Écart de rémunération entre hommes et femmes (Gender Pay Gap) "
"INDICATEUR_DEVDUR";"Indicateur d’objectif de développement durable ";"5.i5a";"Part des femmes parmi les cadres dirigeants dans le privé"
"INDICATEUR_DEVDUR";"Indicateur d’objectif de développement durable ";"5.i3a";"Nombre de victimes de violences intrafamiliales physiques et/ou sexuelles"
"INDICATEUR_DEVDUR";"Indicateur d’objectif de développement durable ";"3.i1a";"Espérance de vie en bonne santé"
"INDICATEUR_DEVDUR";"Indicateur d’objectif de développement durable ";"3.i1b";"Espérance de vie à la naissance"
"INDICATEUR_DEVDUR";"Indicateur d’objectif de développement durable ";"10.i2a";"Rapport interquintile des masses de niveau de vie (100-S80)/S20 après redistribution"
"INDICATEUR_DEVDUR";"Indicateur d’objectif de développement durable ";"2.i5";"Exposition des animaux aux antibiotiques (indicateur ALEA)"
"INDICATEUR_DEVDUR";"Indicateur d’objectif de développement durable ";"13.i3c";"Empreinte carbone selon le type d’émissions pour les 3 principaux gaz à effet de serre (CO2, CH4 et N2O)"
"INDICATEUR_DEVDUR";"Indicateur d’objectif de développement durable ";"4.i4";"Taux de sorties précoces du système scolaire"
"INDICATEUR_DEVDUR";"Indicateur d’objectif de développement durable ";"6.i1b";"Taux de non conformité des prélèvements sur les eaux distribuées pour la physico-chimie"
"INDICATEUR_DEVDUR";"Indicateur d’objectif de développement durable ";"6.i5";"Prélèvements en eau selon les usages"
"INDICATEUR_DEVDUR";"Indicateur d’objectif de développement durable ";"6.i1a";"Taux de non conformité des prélèvements sur les eaux distribuées pour la micro-biologie "
"INDICATEUR_DEVDUR";"Indicateur d’objectif de développement durable ";"3.i4a";"Satisfaction dans la vie (note moyenne comprise entre 0 à 10)"
"INDICATEUR_DEVDUR";"Indicateur d’objectif de développement durable ";"13.i4d";"Émissions de gaz à effet de serre (hors UTCATF) par habitant pour les 3 principaux gaz à effet de serre (CO2, CH4 et N2O)"
"INDICATEUR_DEVDUR";"Indicateur d’objectif de développement durable ";"8.i2";"Taux d'emploi"
"INDICATEUR_DEVDUR";"Indicateur d’objectif de développement durable ";"13.i4e";"Émissions de gaz à effet de serre (hors UTCATF) pour les 3 principaux gaz à effet de serre (CO2, CH4 et N2O)"
"INDICATEUR_DEVDUR";"Indicateur d’objectif de développement durable ";"12.i4b";"Traitement de déchets dangereux"
"INDICATEUR_DEVDUR";"Indicateur d’objectif de développement durable ";"12.i5a";"Production de déchets dangereux et non dangereux"
"INDICATEUR_DEVDUR";"Indicateur d’objectif de développement durable ";"12.i5c";"Traitement de déchets dangereux et non dangereux par type de matières"
"INDICATEUR_DEVDUR";"Indicateur d’objectif de développement durable ";"12.i6a";"Nombre d’emplois de l’économie circulaire"
"INDICATEUR_DEVDUR";"Indicateur d’objectif de développement durable ";"11.i3b";"Déchets municipaux traités par habitant"
"INDICATEUR_DEVDUR";"Indicateur d’objectif de développement durable ";"11.i3c";"Taux de recyclage des déchets municipaux"
"INDICATEUR_DEVDUR";"Indicateur d’objectif de développement durable ";"13.i4f";"Émissions de gaz à effet de serre (hors UTCATF) des exportation de la production intérieure pour les 3 principaux gaz à effet de serre (CO2, CH4 et N2O)"
"INDICATEUR_DEVDUR";"Indicateur d’objectif de développement durable ";"9.i1a";"Part modale des transports collectifs de voyageurs (hors aérien) dans le transport intérieur terrestre de voyageurs"
"INDICATEUR_DEVDUR";"Indicateur d’objectif de développement durable ";"9.i1b";"Part modale des transports de marchandises dans le transport intérieur terrestre de marchandises"
"INDICATEUR_DEVDUR";"Indicateur d’objectif de développement durable ";"7.i2b";"Part des énergies renouvelables dans la consommation finale brute d’énergie"
"INDICATEUR_DEVDUR";"Indicateur d’objectif de développement durable ";"11.i2a";"Sols artificialisés"
"INDICATEUR_DEVDUR";"Indicateur d’objectif de développement durable ";"3.i4b";"Distribution de la satisfaction dans la vie"
"INDICATEUR_DEVDUR";"Indicateur d’objectif de développement durable ";"11.i4a";"Part des stations de mesure dépassant le seuil réglementaire journalier de la qualité de l'air pour les particules PM10"
"INDICATEUR_DEVDUR";"Indicateur d’objectif de développement durable ";"11.i4b";"Concentrations moyennes annuelles de PM10"
"INDICATEUR_DEVDUR";"Indicateur d’objectif de développement durable ";"12.i7";"Nombre de projets d'écologie industrielle et territoriale"
"INDICATEUR_DEVDUR";"Indicateur d’objectif de développement durable ";"9.i5a";"Part des dépenses intérieures de R&D dans le PIB (effort de recherche)"
"INDICATEUR_DEVDUR";"Indicateur d’objectif de développement durable ";"6.i2a";"Proportion des masses d’eau de surface selon l’état écologique"
"INDICATEUR_DEVDUR";"Indicateur d’objectif de développement durable ";"11.i3a";"Déchets municipaux traités par type de traitement"
"INDICATEUR_DEVDUR";"Indicateur d’objectif de développement durable ";"14.i5c";"Évolution de l’état des récifs coralliens par aire de répartition - Pacifique"
"INDICATEUR_DEVDUR";"Indicateur d’objectif de développement durable ";"6.i2b";"Proportion des masses d’eau de surface selon l’état chimique"
"INDICATEUR_DEVDUR";"Indicateur d’objectif de développement durable ";"14.i5d";"Évolution de l’état des récifs coralliens par aire de répartition - Antilles, Mayotte, La Réunion"
"INDICATEUR_DEVDUR";"Indicateur d’objectif de développement durable ";"14.i5a";"État des récifs coralliens par aire de répartition - Pacifique et îles Éparses"
"INDICATEUR_DEVDUR";"Indicateur d’objectif de développement durable ";"6.i2c";"Proportion des masses d’eau souterraine selon l’état chimique"
"INDICATEUR_DEVDUR";"Indicateur d’objectif de développement durable ";"14.i5b";"État des récifs coralliens par aire de répartition - Antilles, Mayotte, La Réunion"
"INDICATEUR_DEVDUR";"Indicateur d’objectif de développement durable ";"12.i6b";"Répartition de l’emploi par pilier de l’emploi circulaire"
"INDICATEUR_DEVDUR";"Indicateur d’objectif de développement durable ";"14.i2a";"Déchets marins en France métropolitaine - Macro-déchets sur le littoral (abondance médiane)"
"INDICATEUR_DEVDUR";"Indicateur d’objectif de développement durable ";"7.i2a";"Consommation finale d’énergie par secteur"
"INDICATEUR_DEVDUR";"Indicateur d’objectif de développement durable ";"6.i2d";"Proportion des masses d’eau souterraine selon l’état quantitatif"
"INDICATEUR_DEVDUR";"Indicateur d’objectif de développement durable ";"14.i2b";"Déchets marins en France métropolitaine - Macro-déchets flottants (densité moyenne)"
"INDICATEUR_DEVDUR";"Indicateur d’objectif de développement durable ";"12.i1a";"Consommation intérieure de matières"
"INDICATEUR_DEVDUR";"Indicateur d’objectif de développement durable ";"12.i1b";"Consommation intérieure de matières par habitant"
"INDICATEUR_DEVDUR";"Indicateur d’objectif de développement durable ";"6.i3a";"Taux de conformité de la performance des ouvrages d'assainissement collectif"
"INDICATEUR_DEVDUR";"Indicateur d’objectif de développement durable ";"12.i1c";"Productivité matières"
"INDICATEUR_DEVDUR";"Indicateur d’objectif de développement durable ";"7.i3a";"Consommation d'énergie primaire"
"INDICATEUR_DEVDUR";"Indicateur d’objectif de développement durable ";"6.i3b";"Taux de conformité des dispositifs d'assainissement non collectif"
"INDICATEUR_DEVDUR";"Indicateur d’objectif de développement durable ";"7.i3b";"Consommation d’énergie primaire - énergie nucléaire"
"INDICATEUR_DEVDUR";"Indicateur d’objectif de développement durable ";"7.i3c";"Part des énergies fossiles dans la consommation d'énergie primaire"
"INDICATEUR_DEVDUR";"Indicateur d’objectif de développement durable ";"12.i2a";"Empreinte matières"
"INDICATEUR_DEVDUR";"Indicateur d’objectif de développement durable ";"12.i2b";"Empreinte matières par habitant"
"INDICATEUR_DEVDUR";"Indicateur d’objectif de développement durable ";"7.i4a";"Intensité énergétique finale"
"INDICATEUR_DEVDUR";"Indicateur d’objectif de développement durable ";"6.i4";"Taux de rendement des réseaux d'eau potable"
"INDICATEUR_DEVDUR";"Indicateur d’objectif de développement durable ";"14.i2c";"Déchets marins en France métropolitaine - Macro-déchets sur les fonds marins (densité moyenne)"
"INDICATEUR_DEVDUR";"Indicateur d’objectif de développement durable ";"7.i4b";"Intensité énergétique finale par secteur (indice base 100 en 2000)"
"INDICATEUR_DEVDUR";"Indicateur d’objectif de développement durable ";"12.i2c";"Empreinte matières par unité de PIB"
"INDICATEUR_DEVDUR";"Indicateur d’objectif de développement durable ";"14.i2d";"Déchets marins en France métropolitaine - Micro-déchets flottant en mer (densité moyenne)"
"INDICATEUR_DEVDUR";"Indicateur d’objectif de développement durable ";"2.i3";"Diversité moyenne des cultures arables"
"INDICATEUR_DEVDUR";"Indicateur d’objectif de développement durable ";"12.i3";"Pertes et gaspillages alimentaires par habitant"
"INDICATEUR_DEVDUR";"Indicateur d’objectif de développement durable ";"2.i4a";"Part d'agriculture biologique dans la surface agricole utilisée (SAU)"
"INDICATEUR_DEVDUR";"Indicateur d’objectif de développement durable ";"2.i4b";"Nombre d'exploitations de haute valeur environnementale (HVE)"
"INDICATEUR_DEVDUR";"Indicateur d’objectif de développement durable ";"2.i6b";"Quantités de substances actives (QSA) vendues dites « conventionnelles », utilisables ni en produits biocontrôle, ni en agriculture biologique"
"INDICATEUR_DEVDUR";"Indicateur d’objectif de développement durable ";"6.i6";"Proportion de services publics locaux d’eau potable ayant des commissions consultatives"
"INDICATEUR_DEVDUR";"Indicateur d’objectif de développement durable ";"12.i4a";"Production de déchets dangereux"
"INDICATEUR_DEVDUR";"Indicateur d’objectif de développement durable ";"13.i1a";"Nombre d’évènements naturels très graves"
"INDICATEUR_DEVDUR";"Indicateur d’objectif de développement durable ";"13.i1b";"Nombre d’évènements naturels très graves: Inondations"
"INDICATEUR_DEVDUR";"Indicateur d’objectif de développement durable ";"2.i6c";"Quantités de substances actives (QSA) vendues, utilisables en produits biocontrôle et agriculture biologique"
"INDICATEUR_DEVDUR";"Indicateur d’objectif de développement durable ";"13.i2";"Nombre de communes faisant l'objet d'un plan de prévention des risques naturels approuvé"
"INDICATEUR_DEVDUR";"Indicateur d’objectif de développement durable ";"15.i5a";"Surfaces terrestres françaises classées en aires terrestres protégées (protection forte)"
"INDICATEUR_DEVDUR";"Indicateur d’objectif de développement durable ";"15.i5b";"Part des terres françaises en aires terrestres protégées (protection forte)"
"INDICATEUR_DEVDUR";"Indicateur d’objectif de développement durable ";"13.i3a";"Empreinte carbone pour les 3 principaux gaz à effet de serre (CO2, CH4 et N2O)"
"INDICATEUR_DEVDUR";"Indicateur d’objectif de développement durable ";"15.i5c";"Surfaces terrestres françaises classées en aires terrestres protégées (objectif 30 % SNAP)"
"INDICATEUR_DEVDUR";"Indicateur d’objectif de développement durable ";"2.i6a";"Nombre de doses unités (Nodu) de produits phytosanitaires "
"INDICATEUR_DEVDUR";"Indicateur d’objectif de développement durable ";"15.i5d";"Part des terres françaises en aires terrestres protégées (objectif 30 % SNAP)"
"INDICATEUR_DEVDUR";"Indicateur d’objectif de développement durable ";"9.i3";"Émissions de gaz à effet de serre par unité de valeur ajoutée (t CO2 eq./million $ 2017 PPA)"
"INDICATEUR_DEVDUR";"Indicateur d’objectif de développement durable ";"2.i7";"Nombre de races locales classées selon le risque d’extinction"
"INDICATEUR_DEVDUR";"Indicateur d’objectif de développement durable ";"13.i3b";"Empreinte carbone par habitant pour les 3 principaux gaz à effet de serre (CO2, CH4 et N2O)"
"INDICATEUR_DEVDUR";"Indicateur d’objectif de développement durable ";"12.i5b";"Traitement de déchets dangereux et non dangereux"
"INDICATEUR_DEVDUR";"Indicateur d’objectif de développement durable ";"9.i5b";"Part des dépenses intérieures de R&D des entreprises dans le PIB"
"INDICATEUR_DEVDUR";"Indicateur d’objectif de développement durable ";"15.i1";"Taux de boisement (moyenne sur 5 ans)"
"INDICATEUR_DEVDUR";"Indicateur d’objectif de développement durable ";"10.i2c";"Rapport interquintile des masses de niveau de vie (100-S80)/S20 après redistribution - Données non retropolées"
"INDICATEUR_DEVDUR";"Indicateur d’objectif de développement durable ";"15.i2";"État de conservation des habitats naturels  (moyenne sur 6 ans)"
"INDICATEUR_DEVDUR";"Indicateur d’objectif de développement durable ";"15.i3a";"Écosystèmes peu anthropisés en France métropolitaine"
"INDICATEUR_DEVDUR";"Indicateur d’objectif de développement durable ";"15.i3b";"Écosystèmes peu anthropisés dans les départements et régions d’Outre-mer"
"INDICATEUR_DEVDUR";"Indicateur d’objectif de développement durable ";"10.i2b";"Rapport interquintile des masses de niveau de vie (100-S80)/S20 avant redistribution"
"INDICATEUR_DEVDUR";"Indicateur d’objectif de développement durable ";"15.i7a";"Nombre d’espèces exotiques envahissantes  en France métropolitaine (en moyenne sur 10 ans)"
"INDICATEUR_DEVDUR";"Indicateur d’objectif de développement durable ";"15.i6a";"Population d'oiseaux communs spécialistes (indice base 100 en 1989)"
"INDICATEUR_DEVDUR";"Indicateur d’objectif de développement durable ";"13.i5";"Montant des indemnisations versées au titre des catastrophes naturelles "
"INDICATEUR_DEVDUR";"Indicateur d’objectif de développement durable ";"15.i6b";"Population d'oiseaux communs généralistes (indice base 100 en 1989)"
"INDICATEUR_DEVDUR";"Indicateur d’objectif de développement durable ";"11.i2b";"Terres agricoles"
"INDICATEUR_DEVDUR";"Indicateur d’objectif de développement durable ";"15.i7b";"Nombre d’espèces parmi les plus envahissantes au monde"
"INDICATEUR_DEVDUR";"Indicateur d’objectif de développement durable ";"14.i1a";"Proportion des masses d’eau de transition selon l’état écologique"
"INDICATEUR_DEVDUR";"Indicateur d’objectif de développement durable ";"14.i1b";"Proportion des masses d’eau côtières selon l’état écologique"
"INDICATEUR_DEVDUR";"Indicateur d’objectif de développement durable ";"11.i2c";"Zones boisées, naturelles, humides ou en eau"
"INDICATEUR_DEVDUR";"Indicateur d’objectif de développement durable ";"14.i3a";"Flux à la mer d'azote lié aux nitrates par façade"
"INDICATEUR_DEVDUR";"Indicateur d’objectif de développement durable ";"14.i3b";"Flux à la mer de phosphore par façade"
"INDICATEUR_DEVDUR";"Indicateur d’objectif de développement durable ";"1.i2";"Taux de privation matérielle et sociale"
"INDICATEUR_DEVDUR";"Indicateur d’objectif de développement durable ";"14.i4";"Nombre de rapports POLREP (Pollution Report) confirmés par les autorités"
"INDICATEUR_DEVDUR";"Indicateur d’objectif de développement durable ";"14.i6a";"Nombre de façades disposant d'une approche écosystémique en France métropolitaine"
"INDICATEUR_DEVDUR";"Indicateur d’objectif de développement durable ";"14.i6b";"Nombre de façades disposant d'une approche écosystémique en Outre-mer"
"INDICATEUR_DEVDUR";"Indicateur d’objectif de développement durable ";"14.i7";"Part des eaux marines françaises en aires marines protégées"
"INDICATEUR_DEVDUR";"Indicateur d’objectif de développement durable ";"17.i3";"Dette publique au sens de Maastricht (en % du PIB)"
"INDICATEUR_DEVDUR";"Indicateur d’objectif de développement durable ";"17.i4a";"Endettement des ménages (en % du PIB)"
"INDICATEUR_DEVDUR";"Indicateur d’objectif de développement durable ";"17.i4b";"Endettement des sociétés non financières (en % du PIB)"
"OBS_STATUS";"Statut de l'observation";"E";"Valeur estimée"
"OBS_STATUS";"Statut de l'observation";"A";"Normale"
"OBS_STATUS";"Statut de l'observation";"L";"Valeur manquante : les données existent mais ne sont pas collectées (non disponible : nd)"
"OBS_STATUS";"Statut de l'observation";"B";"Rupture de séries"
"OBS_STATUS";"Statut de l'observation";"P";"Valeur provisoire"
"OBS_STATUS";"Statut de l'observation";"R";"Valeur révisée"
"ODD";"Objectif développement durable";"ODD3";"Objectif 3 : Santé et bien-être"
"ODD";"Objectif développement durable";"ODD5";"Objectif 5 : Égalité entre les sexes"
"ODD";"Objectif développement durable";"ODD4";"Objectif 4 : Éducation de qualité"
"ODD";"Objectif développement durable";"ODD9";"Objectif 9 : Infrastructures résilientes et innovation"
"ODD";"Objectif développement durable";"ODD13";"Objectif 13 : Lutte contre les changements climatiques"
"ODD";"Objectif développement durable";"ODD16";"Objectif 16 : Paix, justice et institutions efficaces"
"ODD";"Objectif développement durable";"ODD2";"Objectif 2 : Sécurité alimentaire et agriculture durable"
"ODD";"Objectif développement durable";"ODD8";"Objectif 8 : Travail décent et croissance durable"
"ODD";"Objectif développement durable";"ODD1";"Objectif 1 : Éradication de la pauvreté"
"ODD";"Objectif développement durable";"ODD7";"Objectif 7 : Énergies propres et d'un coût abordable"
"ODD";"Objectif développement durable";"ODD11";"Objectif 11 : Villes et communautés durables"
"ODD";"Objectif développement durable";"ODD17";"Objectif 17 : Partenariats pour la réalisation des objectifs"
"ODD";"Objectif développement durable";"ODD10";"Objectif 10 : Réduction des inégalités"
"ODD";"Objectif développement durable";"ODD6";"Objectif 6 : Gestion durable de l'eau pour tous"
"ODD";"Objectif développement durable";"ODD12";"Objectif 12 : Consommation et production responsables"
"ODD";"Objectif développement durable";"ODD14";"Objectif 14 : Vie aquatique marine"
"ODD";"Objectif développement durable";"ODD15";"Objectif 15 : Vie terrestre"
"PCS";"Profession et catégorie socioprofessionnelle (PCS)";"_Z";"Non applicable "
"PCS";"Profession et catégorie socioprofessionnelle (PCS)";"30";"Cadres"
"PCS";"Profession et catégorie socioprofessionnelle (PCS)";"4";"Professions intermédiaires"
"PCS";"Profession et catégorie socioprofessionnelle (PCS)";"3";"Cadres et professions intellectuelles supérieures"
"PCS";"Profession et catégorie socioprofessionnelle (PCS)";"1_2";"Agriculteurs, artisans, commerçants, chefs d'entreprise"
"PCS";"Profession et catégorie socioprofessionnelle (PCS)";"5";"Employés"
"PCS";"Profession et catégorie socioprofessionnelle (PCS)";"6";"Ouvriers"
"PCS";"Profession et catégorie socioprofessionnelle (PCS)";"_T";"Total"
"SEX";"Sexe";"TS";"Personnes trans"
"SEX";"Sexe";"F";"Femme"
"SEX";"Sexe";"F_cis";"Femmes cis"
"SEX";"Sexe";"M_cis";"Hommes cis"
"SEX";"Sexe";"M";"Homme"
"SEX";"Sexe";"_Z";"Non applicable "
"SEX";"Sexe";"_T";"Total"
"TIME_PERIOD";"Période temporelle";"2010";"2010"
"TIME_PERIOD";"Période temporelle";"2011";"2011"
"TIME_PERIOD";"Période temporelle";"2012";"2012"
"TIME_PERIOD";"Période temporelle";"2013";"2013"
"TIME_PERIOD";"Période temporelle";"2014";"2014"
"TIME_PERIOD";"Période temporelle";"2015";"2015"
"TIME_PERIOD";"Période temporelle";"2024";"2024"
"TIME_PERIOD";"Période temporelle";"2016";"2016"
"TIME_PERIOD";"Période temporelle";"2017";"2017"
"TIME_PERIOD";"Période temporelle";"2018";"2018"
"TIME_PERIOD";"Période temporelle";"2019";"2019"
"TIME_PERIOD";"Période temporelle";"2020";"2020"
"TIME_PERIOD";"Période temporelle";"2021";"2021"
"TIME_PERIOD";"Période temporelle";"2022";"2022"
"TIME_PERIOD";"Période temporelle";"2023";"2023"
"TIME_PERIOD";"Période temporelle";"2004";"2004"
"TIME_PERIOD";"Période temporelle";"2005";"2005"
"TIME_PERIOD";"Période temporelle";"2006";"2006"
"TIME_PERIOD";"Période temporelle";"2007";"2007"
"TIME_PERIOD";"Période temporelle";"2008";"2008"
"TIME_PERIOD";"Période temporelle";"2009";"2009"
"TIME_PERIOD";"Période temporelle";"1994";"1994"
"TIME_PERIOD";"Période temporelle";"1995";"1995"
"TIME_PERIOD";"Période temporelle";"1996";"1996"
"TIME_PERIOD";"Période temporelle";"1997";"1997"
"TIME_PERIOD";"Période temporelle";"1998";"1998"
"TIME_PERIOD";"Période temporelle";"1999";"1999"
"TIME_PERIOD";"Période temporelle";"2000";"2000"
"TIME_PERIOD";"Période temporelle";"2001";"2001"
"TIME_PERIOD";"Période temporelle";"2002";"2002"
"TIME_PERIOD";"Période temporelle";"2003";"2003"
"TIME_PERIOD";"Période temporelle";"1975";"1975"
"TIME_PERIOD";"Période temporelle";"1976";"1976"
"TIME_PERIOD";"Période temporelle";"1977";"1977"
"TIME_PERIOD";"Période temporelle";"1978";"1978"
"TIME_PERIOD";"Période temporelle";"1979";"1979"
"TIME_PERIOD";"Période temporelle";"1980";"1980"
"TIME_PERIOD";"Période temporelle";"1981";"1981"
"TIME_PERIOD";"Période temporelle";"1982";"1982"
"TIME_PERIOD";"Période temporelle";"1983";"1983"
"TIME_PERIOD";"Période temporelle";"1984";"1984"
"TIME_PERIOD";"Période temporelle";"1985";"1985"
"TIME_PERIOD";"Période temporelle";"1986";"1986"
"TIME_PERIOD";"Période temporelle";"1987";"1987"
"TIME_PERIOD";"Période temporelle";"1988";"1988"
"TIME_PERIOD";"Période temporelle";"1989";"1989"
"TIME_PERIOD";"Période temporelle";"1990";"1990"
"TIME_PERIOD";"Période temporelle";"1991";"1991"
"TIME_PERIOD";"Période temporelle";"1992";"1992"
"TIME_PERIOD";"Période temporelle";"1993";"1993"
"TYPE_INDICATEUR_DEVDUR";"Type d’indicateur Développement durable";"I_ODD";"Indicateur national ODD "
"TYPE_INDICATEUR_DEVDUR";"Type d’indicateur Développement durable";"I_ODD-NIR";"Indicateur national ODD et de richesse nationale"
"TYPE_INDICATEUR_DEVDUR";"Type d’indicateur Développement durable";"I_NIR";"Indicateur de richesse nationale"
"UNIT_MEASURE";"Unité de mesure";"_Z";"Nombre"
"UNIT_MEASURE";"Unité de mesure";"PT";"Pourcentage"
"UNIT_MEASURE";"Unité de mesure";"P100000";"Pour cent mille"
"UNIT_MEASURE";"Unité de mesure";"XDC";"Devise nationale (Euros)"
"UNIT_MEASURE";"Unité de mesure";"FT";"Équivalent temps plein"
"UNIT_MEASURE";"Unité de mesure";"TCO2E";"Tonnes équivalent CO2"
"UNIT_MEASURE";"Unité de mesure";"HW";"Heures travaillées"
"UNIT_MEASURE";"Unité de mesure";"M3";"Mètre cube"
"UNIT_MEASURE";"Unité de mesure";"T";"Tonne"
"UNIT_MEASURE";"Unité de mesure";"KG";"Kilogramme"
"UNIT_MEASURE";"Unité de mesure";"uGM3";"Microgramme par mètre cube"
"UNIT_MEASURE";"Unité de mesure";"HA";"Hectare"
"UNIT_MEASURE";"Unité de mesure";"N_100m";"Nombre par 100m"
"UNIT_MEASURE";"Unité de mesure";"TWH";"Térawattheure"
"UNIT_MEASURE";"Unité de mesure";"N_KM2";"Nombre par Km2"
"UNIT_MEASURE";"Unité de mesure";"EUR_KG";"Euro par kilogramme"
"UNIT_MEASURE";"Unité de mesure";"MWH_6XDC";"Mégawattheure par million d’euros"
"UNIT_MEASURE";"Unité de mesure";"IX";"Indice"
"UNIT_MEASURE";"Unité de mesure";"IX_S";"Indice de Simpson"
"UNIT_MEASURE";"Unité de mesure";"KM2";"Kilomètre carré"
"UNIT_MULT";"Quantité d'unités (en puissance de 10)";"0";"Unités"
"UNIT_MULT";"Quantité d'unités (en puissance de 10)";"6";"Millions"
"UNIT_MULT";"Quantité d'unités (en puissance de 10)";"3";"Milliers"
"GEO";"Géographie";"F";"France"
"GEO";"Géographie";"FM";"France métropolitaine"
"GEO";"Géographie";"F_X_D976";"France hors Mayotte"
"GEO";"Géographie";"DOM_COMER";"Territoire d'outre-mer"
"GEO";"Géographie";"DOM";"Départements d'Outre-mer"